{
    "[('B', 1, 3, False), ('B', 3, 3, False), ('N', 0, 0, False), ('N', 2, 0, False)]": {
        "(0, 0, 1, 1)": -0.028576249999999984,
        "(2, 0, 3, 1)": -0.22836250000000002,
        "(2, 0, 1, 1)": 0.4371043591723965
    },
    "[('B', 0, 2, False), ('B', 3, 3, False), ('N', 1, 1, False), ('N', 2, 0, False)]": {
        "(1, 1, 2, 2)": -0.14500000000000002,
        "(2, 0, 3, 1)": -0.05
    },
    "[('B', 0, 2, False), ('B', 1, 1, False), ('N', 2, 0, False)]": {
        "(2, 0, 3, 1)": -0.14500000000000002
    },
    "[('B', 0, 2, False), ('B', 2, 0, True), ('N', 3, 1, False)]": {
        "(3, 1, 2, 2)": -0.14500000000000002
    },
    "[('B', 1, 1, False), ('B', 2, 0, True), ('N', 2, 2, False)]": {
        "(2, 2, 3, 3)": -0.05,
        "(2, 2, 1, 3)": -0.1
    },
    "[('B', 1, 1, False), ('B', 3, 1, True), ('N', 3, 3, True)]": {
        "(3, 3, 2, 2)": -0.05
    },
    "[('B', 2, 2, False), ('B', 3, 3, False), ('N', 1, 1, False), ('N', 2, 0, False)]": {
        "(1, 1, 0, 2)": 0.05
    },
    "[('B', 1, 1, False), ('B', 3, 3, False), ('N', 0, 2, False), ('N', 2, 0, False)]": {
        "(0, 2, 1, 3)": 0.05
    },
    "[('B', 1, 1, False), ('B', 2, 2, False), ('N', 1, 3, True), ('N', 2, 0, False)]": {
        "(1, 3, 3, 1)": 0.05
    },
    "[('B', 0, 0, True), ('N', 2, 0, False), ('N', 3, 1, True)]": {
        "(2, 0, 1, 1)": 0.05
    },
    "[('B', 2, 2, True), ('N', 3, 1, True)]": {
        "(3, 1, 2, 0)": 0.23050000000000004,
        "(3, 1, 1, 3)": 0.1
    },
    "[('B', 3, 1, True), ('N', 2, 0, True)]": {
        "(2, 0, 1, 1)": 0.05
    },
    "[('B', 2, 2, True), ('N', 1, 1, True)]": {
        "(1, 1, 3, 3)": 0.0975
    },
    "[('B', 0, 2, False), ('B', 2, 2, False), ('N', 1, 1, False), ('N', 3, 1, False)]": {
        "(1, 1, 3, 3)": -0.05
    },
    "[('B', 1, 1, False), ('N', 3, 1, False), ('N', 3, 3, True)]": {
        "(3, 3, 2, 2)": -0.05
    },
    "[('B', 2, 0, True), ('N', 2, 2, True), ('N', 3, 1, False)]": {
        "(2, 2, 3, 3)": -0.0975
    },
    "[('B', 1, 1, True), ('N', 3, 1, False), ('N', 3, 3, True)]": {
        "(3, 3, 2, 2)": -0.18549375
    },
    "[('B', 0, 2, True), ('N', 2, 2, True), ('N', 3, 1, False)]": {
        "(2, 2, 3, 3)": -0.142625,
        "(2, 2, 1, 3)": -0.05
    },
    "[('B', 1, 3, True), ('N', 3, 1, False), ('N', 3, 3, True)]": {
        "(3, 3, 2, 2)": -0.0975
    },
    "[('B', 0, 0, True), ('N', 2, 2, True), ('N', 3, 1, False)]": {
        "(2, 2, 3, 3)": -0.05
    },
    "[('B', 1, 1, True), ('N', 1, 3, True), ('N', 3, 1, False)]": {
        "(3, 1, 2, 2)": -0.05
    },
    "[('B', 3, 3, True), ('N', 1, 3, True)]": {
        "(1, 3, 2, 2)": -0.05
    },
    "[('B', 2, 2, False), ('B', 3, 3, False), ('N', 0, 0, False), ('N', 3, 1, False)]": {
        "(0, 0, 1, 1)": -0.05,
        "(3, 1, 1, 3)": -0.05
    },
    "[('B', 0, 0, True), ('B', 3, 3, False), ('N', 3, 1, False)]": {
        "(3, 1, 2, 2)": -0.05
    },
    "[('B', 2, 2, False), ('B', 3, 3, False), ('N', 0, 0, False), ('N', 1, 1, False)]": {
        "(1, 1, 0, 2)": 0.28271581440625
    },
    "[('B', 1, 1, False), ('B', 3, 3, False), ('N', 0, 0, False), ('N', 0, 2, False)]": {
        "(0, 0, 2, 2)": 0.37159744375000003,
        "(0, 2, 1, 3)": 0.05
    },
    "[('B', 1, 1, False), ('N', 0, 2, False)]": {
        "(0, 2, 1, 3)": 0.37159744375000003
    },
    "[('B', 2, 0, True), ('N', 1, 3, True)]": {
        "(1, 3, 2, 2)": 0.5378873145048438
    },
    "[('B', 3, 1, True), ('N', 2, 2, True)]": {
        "(2, 2, 3, 3)": 0.5567405234459213,
        "(2, 2, 1, 1)": 0.05,
        "(2, 2, 1, 3)": 0.1
    },
    "[('B', 2, 2, True), ('N', 3, 3, True)]": {
        "(3, 3, 1, 1)": 0.4909121111476563
    },
    "[('B', 1, 3, False), ('B', 2, 2, False), ('N', 0, 0, False), ('N', 1, 1, False)]": {
        "(1, 1, 3, 3)": 0.09775,
        "(1, 1, 0, 2)": 0.268975
    },
    "[('B', 2, 2, False), ('N', 0, 0, False), ('N', 3, 3, True)]": {
        "(0, 0, 1, 1)": -0.0025000000000000022
    },
    "[('B', 0, 0, True), ('N', 3, 3, True)]": {
        "(3, 3, 2, 2)": 0.6389581532321089
    },
    "[('B', 1, 1, True), ('N', 2, 2, True)]": {
        "(2, 2, 3, 3)": 0.9282923813170958,
        "(2, 2, 0, 0)": 0.37670500000000007,
        "(2, 2, 3, 1)": 0.271,
        "(2, 2, 1, 3)": 0.19
    },
    "[('B', 3, 1, False), ('N', 1, 1, False), ('N', 3, 3, True)]": {
        "(1, 1, 2, 2)": -0.05
    },
    "[('B', 2, 0, True), ('N', 2, 2, False), ('N', 3, 3, True)]": {
        "(2, 2, 1, 3)": -0.05
    },
    "[('B', 1, 1, True), ('N', 1, 3, True), ('N', 3, 3, True)]": {
        "(1, 3, 2, 2)": -0.0975,
        "(1, 3, 0, 2)": -0.05
    },
    "[('B', 0, 2, True), ('N', 2, 2, True), ('N', 3, 3, True)]": {
        "(2, 2, 1, 3)": -0.05,
        "(2, 2, 3, 1)": -0.05
    },
    "[('B', 2, 2, True), ('N', 0, 2, True), ('N', 3, 3, True)]": {
        "(0, 2, 1, 3)": -0.05,
        "(3, 3, 1, 1)": 0.05
    },
    "[('B', 3, 1, True), ('N', 1, 3, True), ('N', 3, 3, True)]": {
        "(1, 3, 2, 2)": -0.05
    },
    "[('B', 1, 3, True), ('N', 3, 3, True)]": {
        "(3, 3, 2, 2)": -0.05
    },
    "[('B', 0, 2, True), ('N', 2, 2, True)]": {
        "(2, 2, 1, 3)": -0.05
    },
    "[('B', 1, 1, True), ('N', 1, 3, True)]": {
        "(1, 3, 2, 2)": -0.05
    },
    "[('B', 1, 1, False), ('B', 1, 3, False), ('N', 0, 0, False), ('N', 0, 2, False)]": {
        "(0, 0, 2, 2)": 0.268975
    },
    "[('B', 3, 1, False), ('N', 0, 2, False)]": {
        "(0, 2, 1, 3)": 0.268975
    },
    "[('B', 2, 2, False), ('N', 0, 0, False), ('N', 1, 3, True)]": {
        "(0, 0, 1, 1)": -0.05
    },
    "[('B', 3, 1, False), ('N', 1, 1, False), ('N', 1, 3, True)]": {
        "(1, 1, 2, 2)": -0.05
    },
    "[('B', 2, 0, True), ('N', 1, 3, True), ('N', 2, 2, False)]": {
        "(2, 2, 3, 3)": -0.05
    },
    "[('B', 1, 1, True), ('N', 3, 1, True), ('N', 3, 3, True)]": {
        "(3, 3, 2, 2)": -0.05
    },
    "[('B', 3, 3, True), ('N', 3, 1, True)]": {
        "(3, 1, 2, 2)": -0.05
    },
    "[('B', 0, 2, False), ('B', 3, 3, False), ('N', 0, 0, False), ('N', 1, 1, False)]": {
        "(1, 1, 2, 2)": 0.12616845562984375
    },
    "[('B', 1, 1, False), ('B', 3, 3, False), ('N', 0, 0, False), ('N', 2, 2, False)]": {
        "(2, 2, 1, 3)": -0.15644930640625002
    },
    "[('B', 1, 1, False), ('B', 2, 2, False), ('N', 0, 0, False), ('N', 1, 3, True)]": {
        "(1, 3, 3, 1)": -0.0166375,
        "(1, 3, 0, 2)": 0.05
    },
    "[('B', 2, 0, True), ('N', 0, 0, False), ('N', 3, 1, True)]": {
        "(0, 0, 1, 1)": 0.0475,
        "(3, 1, 2, 2)": -0.05500000000000001
    },
    "[('B', 0, 2, True), ('N', 3, 1, True)]": {
        "(3, 1, 2, 2)": 0.14275
    },
    "[('B', 2, 0, True), ('N', 3, 3, True)]": {
        "(3, 3, 2, 2)": 0.834524912908785
    },
    "[('B', 0, 2, True), ('N', 3, 3, True)]": {
        "(3, 3, 2, 2)": 0.7626959467301437
    },
    "[('B', 1, 3, True), ('N', 2, 2, True)]": {
        "(2, 2, 3, 3)": 0.5824058446545485
    },
    "[('B', 2, 0, True), ('B', 3, 3, False), ('N', 0, 0, False), ('N', 1, 3, True)]": {
        "(0, 0, 1, 1)": -0.052375000000000005,
        "(1, 3, 2, 2)": -0.19
    },
    "[('B', 3, 1, True), ('B', 3, 3, False), ('N', 1, 1, False), ('N', 1, 3, True)]": {
        "(1, 1, 2, 2)": -0.0025000000000000022
    },
    "[('B', 2, 0, True), ('B', 3, 3, False), ('N', 1, 3, True), ('N', 2, 2, False)]": {
        "(1, 3, 0, 2)": -0.0025000000000000022
    },
    "[('B', 1, 1, True), ('B', 3, 3, False), ('N', 0, 2, True), ('N', 2, 2, False)]": {
        "(2, 2, 1, 3)": 0.05
    },
    "[('B', 2, 2, True), ('B', 3, 3, False), ('N', 0, 2, True), ('N', 1, 3, True)]": {
        "(1, 3, 3, 1)": 0.05
    },
    "[('B', 2, 2, False), ('N', 0, 2, True), ('N', 3, 1, True)]": {
        "(0, 2, 1, 1)": 0.05
    },
    "[('B', 0, 0, True), ('N', 3, 1, True)]": {
        "(3, 1, 2, 0)": 0.30745000000000006
    },
    "[('B', 1, 1, True), ('N', 2, 0, True)]": {
        "(2, 0, 3, 1)": 0.43903450000000005
    },